<?xml version="1.0" encoding="UTF-8" ?>
<feedback>
  <report_metadata>
    <org_name>google.com</org_name>
    <email>noreply-dmarc-support@google.com</email>
    <extra_contact_info>https://support.google.com/a/answer/2466580</extra_contact_info>
    <report_id>6372834726581761861</report_id>
    <date_range>
      <begin>1726876800</begin>
      <end>1726963199</end>
    </date_range>
  </report_metadata>
  <policy_published>
    <domain>gabrielpantoja.cl</domain>
    <adkim>r</adkim>
    <aspf>r</aspf>
    <p>quarantine</p>
    <sp>quarantine</sp>
    <pct>25</pct>
    <np>quarantine</np>
  </policy_published>
  <record>
    <row>
      <source_ip>209.85.220.73</source_ip>
      <count>2</count>
      <policy_evaluated>
        <disposition>none</disposition>
        <dkim>pass</dkim>
        <spf>pass</spf>
      </policy_evaluated>
    </row>
    <identifiers>
      <header_from>gabrielpantoja.cl</header_from>
    </identifiers>
    <auth_results>
      <dkim>
        <domain>google.com</domain>
        <result>pass</result>
        <selector>20230601</selector>
      </dkim>
      <dkim>
        <domain>gabrielpantoja.cl</domain>
        <result>pass</result>
        <selector>google</selector>
      </dkim>
      <spf>
        <domain>gabrielpantoja.cl</domain>
        <result>pass</result>
      </spf>
    </auth_results>
  </record>
</feedback>
